City,Lat,Lng,Max Temp,Humidity,Cloudiness,Wind Speed,Country,Date
Lüderitz,-26.6481,15.1594,66.22,94,4,6.71,NA,1671047792
Klaksvík,62.2266,-6.589,34.72,67,100,28.5,FO,1671047792
Vardø,70.3705,31.1107,17.58,79,75,16.11,NO,1671047792
Arraial do Cabo,-22.9661,-42.0278,78.76,57,40,12.66,BR,1671047793
Bredasdorp,-34.5322,20.0403,69.85,85,47,4.23,ZA,1671047793
Tuatapere,-46.1333,167.6833,58.03,89,42,4.12,NZ,1671047794
Road Town,18.4167,-64.6167,77.43,68,0,10.2,VG,1671047794
Grand Forks,47.9417,-97.4337,33.53,100,100,8.05,US,1671047795
Rikitea,-23.1203,-134.9692,74.01,70,83,9.48,PF,1671047795
Hong Kong,22.2855,114.1577,55.33,92,98,11.99,HK,1671047796
Jamestown,42.097,-79.2353,35.94,50,0,6.91,US,1671047556
Albany,42.6001,-73.9662,32.72,59,3,6.71,US,1671047549
Katsuura,35.1333,140.3,45.43,49,37,10.42,JP,1671047796
Bengkulu,-3.8004,102.2655,75.29,81,100,4.14,ID,1671047797
Samarai,-10.6167,150.6667,80.82,78,77,3.76,PG,1671047797
Puerto Ayora,-0.7393,-90.3518,78.76,94,100,4.0,EC,1671047797
Mahébourg,-20.4081,57.7,75.49,88,75,8.05,MU,1671047798
Ushuaia,-54.8,-68.3,55.02,76,75,19.57,AR,1671047798
Longyearbyen,78.2186,15.6401,-8.43,88,16,5.5,SJ,1671047647
Biak,-0.9131,122.8766,75.94,83,100,3.24,ID,1671047799
Cayenne,4.9333,-52.3333,82.44,78,75,8.05,GF,1671047799
Mataura,-46.1927,168.8643,56.88,89,100,3.2,NZ,1671047800
Tuktoyaktuk,69.4541,-133.0374,-4.0,84,20,6.91,CA,1671047800
Castro,-24.7911,-50.0119,68.45,76,86,5.17,BR,1671047800
Saldanha,-33.0117,17.9442,66.06,93,6,12.19,ZA,1671047801
Marawi,7.9986,124.2928,68.25,96,95,1.41,PH,1671047801
Punta Arenas,-53.15,-70.9167,53.71,50,20,19.57,CL,1671047802
Cape Town,-33.9258,18.4232,71.11,87,75,15.99,ZA,1671047802
Ribeira Grande,38.5167,-28.7,57.78,54,40,10.36,PT,1671047628
Mar del Plata,-38.0023,-57.5575,91.42,32,0,20.71,AR,1671047803
Bairiki Village,1.3292,172.9752,80.6,83,20,3.44,KI,1671047803
Port Macquarie,-31.4333,152.9167,55.89,53,0,8.3,AU,1671047803
Isangel,-19.55,169.2667,71.71,88,40,4.61,VU,1671047804
Hay River,60.8156,-115.7999,8.58,78,75,10.36,CA,1671047804
Talnakh,69.4865,88.3972,-5.8,95,100,12.06,RU,1671047805
Itaporanga,-7.3044,-38.1503,92.84,26,100,10.09,BR,1671047806
Zelenoborsk,61.4669,64.0333,9.77,83,13,8.19,RU,1671047806
Avarua,-21.2078,-159.775,78.85,89,75,14.97,CK,1671047806
Kumul,42.8,93.45,22.37,52,96,9.33,CN,1671047807
Cabo San Lucas,22.8909,-109.9124,77.61,60,29,4.0,MX,1671047541
Doka,13.5167,35.7667,77.72,25,100,8.16,SD,1671047807
Mount Isa,-20.7333,139.5,74.97,19,61,13.8,AU,1671047808
Port Blair,11.6667,92.75,80.64,69,40,3.44,IN,1671047808
Bosaso,11.2842,49.1816,72.7,67,2,3.38,SO,1671047808
Masterton,-40.9597,175.6575,61.88,98,100,5.5,NZ,1671047809
Saint Paul Harbor,57.79,-152.4072,33.31,100,100,4.61,US,1671047779
Yellowknife,62.456,-114.3525,9.12,85,75,12.66,CA,1671047809
Norwich,52.6278,1.2983,34.25,94,75,5.75,GB,1671047810
Bluff,-46.6,168.3333,56.25,89,37,10.83,NZ,1671047810
Kaitangata,-46.2817,169.8464,55.27,94,100,3.94,NZ,1671047810
Nikolskoye,59.7035,30.7861,21.79,93,100,11.18,RU,1671047811
Lac du Bonnet,50.2536,-96.0612,32.23,96,100,9.48,CA,1671047811
Busselton,-33.65,115.3333,58.19,80,0,13.04,AU,1671047812
Rabat,33.9911,-6.8401,61.03,98,75,17.27,MA,1671047526
Touros,-5.1989,-35.4608,80.89,72,35,12.17,BR,1671047812
Esperance,-33.8667,121.9,58.23,69,40,13.29,AU,1671047812
Hermanus,-34.4187,19.2345,68.81,89,91,3.13,ZA,1671047813
Hilo,19.7297,-155.09,80.28,92,13,3.0,US,1671047813
Waddān,29.1614,16.139,69.26,38,0,4.45,LY,1671047814
Richards Bay,-28.783,32.0377,75.11,93,100,3.65,ZA,1671047814
Faanui,-16.4833,-151.75,79.63,78,85,18.43,PF,1671047815
Hobart,-42.8794,147.3294,49.86,90,75,12.66,AU,1671047553
Lebu,-37.6167,-73.65,64.69,71,2,7.4,CL,1671047815
Kindu,-2.95,25.95,68.52,99,100,2.24,CD,1671047816
Cortez,37.3489,-108.5859,34.03,65,11,14.27,US,1671047816
New Norfolk,-42.7826,147.0587,49.5,78,60,1.99,AU,1671047816
Sihorā,23.4833,80.1167,62.49,36,5,2.68,IN,1671047817
Sulangan,11.1373,123.7228,81.28,81,78,14.38,PH,1671047817
Zhezkazgan,47.8043,67.7144,8.67,87,9,10.6,KZ,1671047818
Chon Daen,16.1895,100.8596,67.19,72,6,3.58,TH,1671047818
Mirny,62.5353,113.9611,-12.14,98,100,2.64,RU,1671047818
Vaini,-21.2,-175.2,78.96,89,40,9.22,TO,1671047819
Tual,-5.6667,132.75,83.07,71,73,4.18,ID,1671047819
George Town,5.4112,100.3354,78.89,82,20,5.01,MY,1671047700
Kyaikkami,16.08,97.5675,73.99,74,100,8.75,MM,1671047820
Cherskiy,68.75,161.3,-37.8,98,100,7.07,RU,1671047529
Khatanga,71.9667,102.5,-0.74,95,100,12.59,RU,1671047820
Krems,48.4092,15.6142,37.54,93,100,3.06,AT,1671047821
Dikson,73.5069,80.5464,-1.34,90,100,7.72,RU,1671047821
Barrow,71.2906,-156.7887,-0.9,94,84,17.78,US,1671047821
Ketchikan,55.3422,-131.6461,39.18,100,100,5.75,US,1671047649
Kruisfontein,-34.0033,24.7314,65.25,89,0,3.89,ZA,1671047822
Carnarvon,-24.8667,113.6333,71.73,68,0,20.18,AU,1671047822
Otane,-39.8833,176.6333,63.01,98,100,9.04,NZ,1671047823
Pedernales,18.0384,-71.744,82.49,56,6,2.75,DO,1671047823
Sarangani,5.4033,125.4636,81.57,76,100,7.58,PH,1671047823
Berlevåg,70.8578,29.0864,15.8,79,98,12.66,NO,1671047824
Sosnovo-Ozerskoye,52.5249,111.5418,-8.63,97,100,11.12,RU,1671047824
Cidreira,-30.1811,-50.2056,72.93,56,0,12.93,BR,1671047825
Khovd,48.0056,91.6419,-1.64,88,83,6.04,MN,1671047825
Luz,-19.8014,-45.6856,77.43,68,98,6.51,BR,1671047825
Lompoc,34.6391,-120.4579,63.01,58,0,3.0,US,1671047616
Idritsa,56.3316,28.8988,15.48,90,96,10.51,RU,1671047826
Eruwa,7.5333,3.4167,83.03,48,39,6.78,NG,1671047827
Flinders,-34.5833,150.8552,59.18,57,22,10.0,AU,1671047827
Ryōtsu-minato,38.0833,138.4333,38.21,88,100,17.56,JP,1671047827
Port Alfred,-33.5906,26.891,65.17,93,33,1.99,ZA,1671047828
Ponta do Sol,32.6667,-17.1,67.01,71,26,20.13,PT,1671047828
São Filipe,14.8961,-24.4956,80.69,47,14,10.89,CV,1671047829
Fanai,38.517,44.9745,43.09,81,100,3.4,IR,1671047829
Tooele,40.5308,-112.2983,31.03,78,44,5.23,US,1671047830
Jodhpur,26.2867,73.03,61.63,30,0,8.59,IN,1671047830
Upernavik,72.7868,-56.1549,21.99,80,100,7.85,GL,1671047830
Eau Claire,44.8114,-91.4985,35.98,94,100,8.01,US,1671047831
Poso,-1.3959,120.7524,76.62,85,100,3.51,ID,1671047831
Tiksi,71.6872,128.8694,-28.55,98,68,9.22,RU,1671047832
Tshikapa,-6.4167,20.8,67.33,98,85,1.74,CD,1671047832
Yar-Sale,66.8333,70.8333,1.09,95,44,12.62,RU,1671047833
Budeşti,44.2347,26.4658,38.59,83,100,8.08,RO,1671047833
Borogontsy,62.6683,131.1683,-61.08,100,66,2.1,RU,1671047834
Chokurdakh,70.6333,147.9167,-19.68,96,100,8.28,RU,1671047834
Okhotsk,59.3833,143.3,2.8,65,100,21.56,RU,1671047835
Bathsheba,13.2167,-59.5167,84.81,90,20,17.27,BB,1671047835
Comodoro Rivadavia,-45.8667,-67.5,66.06,37,40,14.97,AR,1671047641
Lae,-6.7221,146.9847,76.41,82,100,6.96,PG,1671047835
Ayan,56.45,138.1667,-15.9,94,100,26.69,RU,1671047836
Ritchie,-29.038,24.6028,74.82,53,65,9.93,ZA,1671047836
Hithadhoo,-0.6,73.0833,80.49,78,96,10.45,MV,1671047837
Nahrin,36.0649,69.1334,45.3,31,30,5.28,AF,1671047837
Ponérihouen,-21.0833,165.4,77.5,74,36,3.47,NC,1671047837
Sørland,67.667,12.6934,35.46,67,100,32.59,NO,1671047838
Sayansk,54.1088,102.1648,3.63,85,100,14.07,RU,1671047838
Qaanaaq,77.484,-69.3632,6.96,86,100,7.96,GL,1671047839
Gorom-Gorom,14.4439,-0.2361,77.76,9,87,8.12,BF,1671047840
Sembakung,3.8167,117.25,72.86,99,100,1.63,ID,1671047840
Aranos,-24.1333,19.1167,78.3,45,24,18.28,NA,1671047841
Severo-Kuril'sk,50.6789,156.125,33.13,93,100,28.63,RU,1671047841
Belmonte,-15.8631,-38.8828,72.97,95,100,10.07,BR,1671047841
Srednekolymsk,67.45,153.6833,-46.66,100,56,4.21,RU,1671047842
Petatlán,17.5167,-101.2667,85.14,50,6,7.25,MX,1671047842
Straumen,63.8709,11.2999,15.8,93,99,1.52,NO,1671047843
Beisfjord,68.3751,17.5988,21.25,96,100,2.33,NO,1671047843
Chui,-33.6971,-53.4616,78.33,43,0,13.09,UY,1671047843
San Patricio,28.017,-97.5169,75.07,25,0,19.57,US,1671047844
Porto Walter,-8.2686,-72.7439,92.8,42,99,2.39,BR,1671047844
Bud,39.447,-86.1758,49.33,98,100,13.35,US,1671047845
Jutaí,-5.1833,-68.9,80.11,90,100,2.13,BR,1671047845
Labuhan,-6.8844,112.2051,79.11,80,57,5.57,ID,1671047846
Kapaa,22.0752,-159.319,78.78,79,18,3.0,US,1671047846
East London,-33.0153,27.9116,70.95,92,65,7.87,ZA,1671047846
Bamiantong,44.9333,130.5333,-1.23,65,1,13.09,CN,1671047847
Hasaki,35.7333,140.8333,37.8,40,98,3.6,JP,1671047847
Phalaborwa,-23.943,31.1411,74.7,79,97,4.34,ZA,1671047848
Codrington,-38.2667,141.9667,52.68,67,100,13.98,AU,1671047848
Butaritari,3.0707,172.7902,80.6,76,99,5.28,KI,1671047848
Yangi Marg`ilon,40.4272,71.7189,29.12,93,100,2.3,UZ,1671047849
Casper,42.8666,-106.3131,25.72,75,100,8.01,US,1671047814
Cap Malheureux,-19.9842,57.6142,73.47,84,22,1.01,MU,1671047849
Hamilton,39.1834,-84.5333,49.23,95,100,11.5,US,1671047850
Lorengau,-2.0226,147.2712,80.65,81,97,8.99,PG,1671047850
Fortuna,40.5982,-124.1573,49.98,83,0,1.99,US,1671047851
Airai,-8.9266,125.4092,60.42,87,78,1.21,TL,1671047851
Eyrarbakki,63.863,-21.1481,15.85,71,99,9.22,IS,1671047851
Ust-Maya,60.4167,134.5333,-45.54,98,100,1.1,RU,1671047852
Shimoda,34.6667,138.95,39.11,71,29,16.31,JP,1671047852
Baruun-Urt,46.6806,113.2792,-13.79,89,5,7.52,MN,1671047853
Sibolga,1.7427,98.7792,74.55,88,99,2.35,ID,1671047854
Honningsvåg,70.9821,25.9704,20.95,73,20,1.14,NO,1671047854
Dingle,10.9995,122.6711,74.91,95,100,7.31,PH,1671047855
Marsh Harbour,26.5412,-77.0636,74.48,65,25,12.84,BS,1671047855
Vila do Maio,15.1333,-23.2167,79.59,77,100,14.38,CV,1671047855
Thompson,55.7435,-97.8558,26.76,100,100,3.44,CA,1671047856
Campo Grande,-20.4428,-54.6464,90.95,46,40,9.22,BR,1671047856
Dera Bugti,29.0307,69.151,58.69,34,0,5.12,PK,1671047857
Haines Junction,60.7522,-137.5108,19.35,93,100,4.61,CA,1671047841
Maraã,-1.8333,-65.3667,83.5,68,90,0.43,BR,1671047857
Mamakan,57.8161,114.0028,-9.99,99,100,1.77,RU,1671047858
Mahina,-17.5065,-149.489,83.97,70,75,3.44,PF,1671047858
Aykhal,66.0,111.5,-23.13,99,100,7.14,RU,1671047858
Taoudenni,22.6783,-3.9836,80.6,21,0,3.67,ML,1671047859
Novoomskiy,54.8415,73.3017,-16.58,69,11,4.47,RU,1671047859
Lázaro Cárdenas,17.9583,-102.2,81.19,62,21,9.15,MX,1671047860
San Marcos,33.1434,-117.1661,63.54,47,28,4.0,US,1671047860
Port Elizabeth,-33.918,25.5701,67.32,94,0,4.61,ZA,1671047683
Bethel,41.3712,-73.414,36.9,60,0,5.01,US,1671047861
Provideniya,64.3833,-173.3,15.91,67,75,8.95,RU,1671047861
Marrakesh,31.6315,-8.0083,59.07,94,75,14.97,MA,1671047621
Tarakan,3.3,117.6333,77.18,86,100,5.08,ID,1671047705
Sabang,5.8933,95.3214,75.78,90,100,10.76,ID,1671047862
Poya,-21.35,165.15,77.05,72,0,2.95,NC,1671047692
Arrecife,28.963,-13.5477,71.58,64,20,2.3,ES,1671047862
Tiznit Province,29.5833,-9.5,62.8,80,100,4.52,MA,1671047862
Atuona,-9.8,-139.0333,78.19,76,84,15.55,PF,1671047863
Samarinda,-0.5,117.15,72.55,97,93,2.13,ID,1671047863
Torbay,47.6666,-52.7314,40.15,97,75,4.61,CA,1671047864
Te Anau,-45.4167,167.7167,60.24,77,51,0.85,NZ,1671047864
Pangkalanbuun,-2.6833,111.6167,72.73,98,97,2.51,ID,1671047864
Hokitika,-42.7167,170.9667,63.19,72,100,1.43,NZ,1671047865
Winsum,53.33,6.5208,35.58,78,70,6.51,NL,1671047865
Troitsko-Pechorsk,62.7084,56.1964,19.81,75,29,11.88,RU,1671047866
Iqaluit,63.7506,-68.5145,26.33,80,75,9.22,CA,1671047866
Kadoma,34.7333,135.5833,42.78,60,0,10.36,JP,1671047867
Burns Lake,54.2331,-125.7533,9.82,85,83,2.26,CA,1671047867
Raudeberg,61.9875,5.1352,29.86,59,100,7.87,NO,1671047867
Pyn U Lwin,22.0333,96.4667,58.23,89,5,1.23,MM,1671047868
Maniitsoq,65.4167,-52.9,20.35,75,100,8.75,GL,1671047868
Emerald,-23.5333,148.1667,68.34,44,98,12.71,AU,1671047869
Nome,64.5011,-165.4064,-0.89,91,40,6.15,US,1671047869
Praia da Vitória,38.7333,-27.0667,56.75,76,75,25.79,PT,1671047869
Kawalu,-7.3817,108.2082,72.52,96,100,1.41,ID,1671047870
Brookhaven,31.5791,-90.4407,67.66,85,100,14.34,US,1671047870
Salto,-31.3833,-57.9667,93.36,34,0,7.0,UY,1671047814
Liverpool,53.4106,-2.9779,29.82,84,0,9.22,GB,1671047623
Dunedin,-45.8742,170.5036,55.8,96,100,0.78,NZ,1671047871
Flin Flon,54.7682,-101.865,19.24,79,100,6.91,CA,1671047685
Olafsvik,64.8945,-23.7142,27.9,50,99,11.95,IS,1671047871
Ridgecrest,35.6225,-117.6709,50.65,40,0,1.01,US,1671047678
Souillac,-20.5167,57.5167,75.58,88,75,8.05,MU,1671047872
Dolores,-36.3132,-57.6792,93.22,17,99,10.76,AR,1671047872
Lloydminster,53.2835,-110.0016,23.22,86,100,10.36,CA,1671047872
Asău,46.4333,26.4,31.28,63,100,4.05,RO,1671047873
Leh,34.1667,77.5833,16.27,35,1,0.25,IN,1671047873
Warah,27.4481,67.7978,64.65,35,0,1.59,PK,1671047874
Altay,47.8667,88.1167,-3.73,69,26,8.52,CN,1671047874
Walvis Bay,-22.9575,14.5053,65.35,82,55,10.36,NA,1671047737
Teya,60.3778,92.6267,-5.98,99,100,1.79,RU,1671047875
Leer,8.3018,30.1418,80.65,27,2,4.29,SS,1671047875
Tukan,53.8409,57.4552,5.27,93,64,4.61,RU,1671047876
São Félix do Xingu,-6.6447,-51.995,82.81,71,88,3.0,BR,1671047877
Novobelokatay,55.7062,58.9549,6.24,87,7,5.57,RU,1671047877
Whitehorse,60.7161,-135.0538,29.17,80,100,14.97,CA,1671047877
Kendari,-3.945,122.4989,75.18,94,100,3.76,ID,1671047878
Yamada,39.4667,141.95,30.0,62,13,7.76,JP,1671047878
Suffolk,40.8668,-72.7996,40.03,58,0,20.38,US,1671047879
Tigil',57.8,158.6667,20.88,87,100,5.5,RU,1671047879
Atbasar,51.8,68.3333,-1.37,85,4,11.92,KZ,1671047879
Mossamedes,-15.1961,12.1522,68.34,76,58,4.76,AO,1671047880
Santa Cruz de la Sierra,-17.8,-63.1667,91.45,55,75,6.91,BO,1671047658
Saint-Philippe,-21.3585,55.7679,76.59,83,51,10.49,RE,1671047880
College,64.8569,-147.8028,-9.53,100,79,2.66,US,1671047881
Formosa,-26.1775,-58.1781,90.97,36,0,6.91,AR,1671047881
Fayaoué,-20.65,166.5333,78.84,68,48,7.23,NC,1671047882
Tombouctou,20.0,-3.0,75.76,13,0,6.04,ML,1671047882
Sémbé,1.6481,14.5806,73.15,79,35,1.61,CG,1671047883
Priargunsk,50.3691,119.1012,-40.36,97,28,2.3,RU,1671047883
Selfoss,63.9331,-20.9971,14.04,70,100,7.43,IS,1671047884
Pangai,-19.8,-174.35,75.31,88,75,8.05,TO,1671047884
Peruíbe,-24.32,-46.9983,74.48,57,0,6.91,BR,1671047834
Xai-Xai,-25.0519,33.6442,76.26,85,55,8.21,MZ,1671047885
Ugoofaaru,5.6667,73.0,80.04,76,93,4.21,MV,1671047885
Fare,-16.7,-151.0167,79.27,79,43,17.67,PF,1671047885
Lagoa,39.05,-27.9833,58.19,58,98,28.12,PT,1671047886
Narsaq,60.9167,-46.05,8.44,61,0,8.3,GL,1671047886
Westport,41.1415,-73.3579,39.49,52,0,8.01,US,1671047859
Ngunguru,-35.6167,174.5,66.61,92,67,6.04,NZ,1671047887
Esim,4.8699,-2.2405,79.65,83,3,8.88,GH,1671047887
Broken Hill,-31.95,141.4333,51.67,50,0,14.72,AU,1671047662
Rājāpur,25.3833,81.15,58.19,41,0,7.11,IN,1671047888
Puerto Escondido,15.85,-97.0667,83.77,60,5,9.78,MX,1671047627
Methóni,36.8197,21.7049,62.22,90,87,12.71,GR,1671047888
Amapá,1.0,-52.0,81.46,64,100,2.62,BR,1671047889
Bereket,39.2446,55.5154,48.49,48,98,5.3,TM,1671047889
Norman Wells,65.282,-126.8329,-2.16,84,75,4.61,CA,1671047890
Lake Cowichan,48.825,-124.0546,41.13,86,81,0.87,CA,1671047890
Bay Roberts,47.5999,-53.2648,40.91,98,100,1.01,CA,1671047890
Sitka,57.0531,-135.33,44.49,81,100,9.22,US,1671047891
Ancud,-41.8697,-73.8203,59.65,73,10,10.51,CL,1671047891
Cedartown,34.0537,-85.255,46.33,96,100,11.5,US,1671047892
Constitución,-35.3333,-72.4167,68.49,57,5,19.64,CL,1671047892
Sochi,43.6,39.7303,46.49,91,100,2.77,RU,1671047892
Camaná,-16.6228,-72.7111,73.47,78,93,6.73,PE,1671047893
Portland,45.5234,-122.6762,44.87,87,40,6.91,US,1671047772
Pacific Grove,36.6177,-121.9166,56.39,64,23,8.99,US,1671047870
Sola,-13.8833,167.55,81.28,69,14,12.1,VU,1671047893
Arrondissement de Libourne,44.9167,-0.25,52.3,90,83,6.73,FR,1671047894
San Jerónimo,-11.9472,-75.2829,61.74,52,98,5.3,PE,1671047894
Kannur,11.8675,75.3576,74.05,91,38,4.16,IN,1671047894
Kirkenes,69.7271,30.0458,17.82,85,75,2.3,NO,1671047895
Winnemucca,40.973,-117.7357,31.37,79,15,4.03,US,1671047785
Vao,-22.6667,167.4833,74.59,61,0,3.24,NC,1671047896
Kemijärvi,66.7131,27.4306,9.21,97,97,1.03,FI,1671047896
Saskylakh,71.9167,114.0833,-18.18,95,89,7.58,RU,1671047897
Ambon City,-3.6954,128.1814,77.23,15,40,4.61,ID,1671047897
San Rafael del Sur,11.8485,-86.4384,86.97,49,32,11.16,NI,1671047898
Tautira,-17.7333,-149.15,80.06,78,100,17.6,PF,1671047612
Byron Bay,-28.65,153.6167,64.71,78,99,7.0,AU,1671047899
Bereda,43.2686,-7.5406,52.41,97,100,4.43,ES,1671047899
Ile-Ife,7.4667,4.5667,75.0,56,97,3.0,NG,1671047899
Muisne,0.6,-80.0333,77.11,77,96,10.4,EC,1671047900
Watsa,3.0372,29.5355,63.03,94,51,2.17,CD,1671047900
Arman',59.7,150.1667,-2.6,93,100,17.49,RU,1671047900
Dali,25.7,100.1833,43.41,87,2,4.68,CN,1671047611
Mopipi,-21.1833,24.8833,83.1,43,12,1.83,BW,1671047901
Port Lincoln,-34.7333,135.8667,57.45,62,99,13.29,AU,1671047901
Bukama,-9.2,25.85,68.65,95,100,1.72,CD,1671047902
Vila Velha,-20.3297,-40.2925,76.95,72,75,14.97,BR,1671047719
Port Hedland,-20.3167,118.5667,77.05,94,16,4.61,AU,1671047683
Kenai,60.5544,-151.2583,22.14,95,100,6.91,US,1671047903
San Vicente,-26.6167,-54.1333,87.28,31,22,2.68,AR,1671047903
Awjilah,29.1081,21.2869,66.04,45,0,1.7,LY,1671047738
Korla,41.7597,86.1469,23.25,49,2,9.4,CN,1671047903
Thai Binh,20.45,106.3333,61.68,61,5,5.01,VN,1671047904
Kieta,-6.2167,155.6333,78.78,82,100,3.6,PG,1671047904
Saint-Augustin,51.226,-58.6502,36.41,81,100,25.26,CA,1671047905
Lakes Entrance,-37.8811,147.981,49.15,80,41,12.08,AU,1671047905
Porto-Novo,6.4965,2.6036,80.31,79,72,8.7,BJ,1671047905
Iberia,29.9502,-91.7507,62.67,80,96,22.39,US,1671047906
Santa Rosa,14.3122,121.1114,78.78,91,77,8.81,PH,1671047906
Necochea,-38.5473,-58.7368,78.89,39,99,15.12,AR,1671047907
Forsytheganj,52.6333,29.7333,15.22,97,58,5.95,BY,1671047907
Kununurra,-15.7667,128.7333,80.58,83,78,3.44,AU,1671047821
Muros,42.7762,-9.0603,55.83,92,100,12.71,ES,1671047615
Kavieng,-2.5744,150.7967,81.93,76,99,7.99,PG,1671047908
Pergamino,-33.89,-60.5736,98.19,9,0,9.8,AR,1671047908
Slavyanka,42.8633,131.3847,10.74,52,29,15.93,RU,1671047909
Port-Gentil,-0.7193,8.7815,80.56,83,20,3.44,GA,1671047909
Chapais,49.7834,-74.8492,24.58,90,7,5.46,CA,1671047909
Pierre,44.3683,-100.351,29.32,89,100,28.77,US,1671047910
Ola,59.5833,151.2833,2.64,76,100,22.39,RU,1671047910
Marsaxlokk,35.8419,14.5431,66.07,88,0,9.22,MT,1671047668
Severnoye,56.3491,78.3619,-18.71,99,31,4.25,RU,1671047911
Solnechnyy,50.7214,136.6319,4.15,91,100,3.29,RU,1671047911
La Gomera,14.0833,-91.05,85.26,60,22,7.4,GT,1671047911
Ambilobe,-13.2,49.05,76.86,77,84,3.11,MG,1671047912
Tasiilaq,65.6145,-37.6368,6.58,61,35,9.78,GL,1671047912
Dickinson,29.4608,-95.0513,68.16,44,20,11.5,US,1671047690
Sabha,27.0377,14.4283,65.7,35,0,0.98,LY,1671047913
East Brainerd,34.9959,-85.1502,47.98,95,100,5.75,US,1671047913
Arrondissement de Clermont,49.5,2.4167,29.84,71,100,6.38,FR,1671047914
Laguna,38.421,-121.4238,55.06,71,20,1.01,US,1671047914
Luanda,-8.8368,13.2343,78.8,83,75,8.05,AO,1671047897
Labuan,5.2767,115.2417,79.16,88,20,0.0,MY,1671047915
Kjøpsvik,68.097,16.3742,21.07,94,100,4.79,NO,1671047915
Tatarsk,55.219,75.9828,-17.27,99,14,3.56,RU,1671047915
Palana,59.1167,159.9667,19.9,83,100,9.8,RU,1671047916
Jacmel,18.2342,-72.5347,87.64,67,11,6.04,HT,1671047916
Kutum,14.2,24.6667,63.82,19,4,9.26,SD,1671047917
Pekan,3.4836,103.3996,75.31,95,100,3.62,MY,1671047917
Pomuch,20.1333,-90.1833,95.59,31,7,8.12,MX,1671047917
Southbridge,42.0751,-72.0334,36.73,65,0,4.0,US,1671047889
Bilma,18.6853,12.9164,71.65,14,0,6.17,NE,1671047918
Merrill,45.1805,-89.6835,32.04,93,100,1.99,US,1671047919
Ilulissat,69.2167,-51.1,15.3,77,100,7.87,GL,1671047830
Kandrian,-6.2167,149.55,76.77,88,100,6.78,PG,1671047919
Omboué,-1.5746,9.2618,77.4,85,94,3.65,GA,1671047920
Bossangoa,6.4926,17.4552,78.04,20,9,2.89,CF,1671047920
Arucas,28.1198,-15.5233,68.83,76,50,17.27,ES,1671047624
Sholokhove,47.6945,34.0312,30.83,66,30,7.47,UA,1671047921
Bantogon,6.5333,124.0333,76.28,86,99,4.5,PH,1671047921
Manado,1.487,124.8455,75.97,94,40,3.44,ID,1671047922
Changping,40.2186,116.2197,19.04,34,0,6.87,CN,1671047922
Waterloo,43.4668,-80.5164,30.78,74,100,9.22,CA,1671047750
Akhmeta,42.0311,45.2075,37.92,72,100,2.68,GE,1671047922
Makakilo City,21.3469,-158.0858,77.68,70,68,10.36,US,1671047923
Grand Gaube,-20.0064,57.6608,75.6,84,25,1.01,MU,1671047923
Novyy Buh,47.6931,32.5216,28.63,65,96,8.12,UA,1671047924
Saint George,37.1041,-113.5841,46.63,49,1,3.0,US,1671047924
Inhambane,-23.865,35.3833,80.58,83,20,5.99,MZ,1671047925
San Ramon,37.7799,-121.978,52.93,71,51,1.01,US,1671047645
Khani,41.9563,42.9566,38.77,73,81,5.88,GE,1671047840
Ciudad Sabinas Hidalgo,26.5,-100.1667,69.64,25,0,8.39,MX,1671047925
Slave Lake,55.2834,-114.769,21.18,93,100,3.44,CA,1671047812
San Jose,37.3394,-121.895,56.43,69,0,4.61,US,1671047926
Vila Franca do Campo,37.7167,-25.4333,57.61,62,83,21.92,PT,1671047756
Carroll,39.5501,-77.0164,40.03,53,0,3.44,US,1671047926
Guiratinga,-16.3494,-53.7583,87.01,49,100,6.82,BR,1671047927
Tocache,-8.1842,-76.5125,87.31,56,98,3.0,PE,1671047927
Tiarei,-17.5333,-149.3333,84.22,79,100,17.27,PF,1671047927
Kamenka,51.3223,42.7678,25.66,93,100,5.53,RU,1671047928
Broome,42.2506,-75.833,31.35,69,76,4.0,US,1671047928
Fairbanks,64.8378,-147.7164,-9.51,100,77,2.46,US,1671047929
Belyy Yar,53.6039,91.3903,-9.51,100,75,0.0,RU,1671047929
Padang,-0.9492,100.3543,76.55,78,100,2.77,ID,1671047929
Isla Vista,34.4133,-119.861,62.83,73,68,2.68,US,1671047930
Singaparna,-7.3515,108.111,71.78,95,100,0.4,ID,1671047930
Nemuro,43.3236,145.575,26.28,52,3,28.99,JP,1671047930
Lata,40.1629,-8.3327,54.07,96,91,6.06,PT,1671047931
Mareeba,-17.0,145.4333,73.44,94,19,1.9,AU,1671047931
Cockburn Town,21.4612,-71.1419,80.56,57,40,4.61,TC,1671047840
Rybinsk,58.0446,38.8426,16.77,94,84,9.62,RU,1671047775
Warrnambool,-38.3833,142.4833,53.01,70,100,15.37,AU,1671047932
Mehamn,71.0357,27.8492,15.75,86,0,5.75,NO,1671047932
Acajutla,13.5928,-89.8275,82.96,63,27,7.74,SV,1671047932
Prince Rupert,54.3161,-130.3201,38.89,86,100,3.44,CA,1671047933
Muriwai Beach,-36.8167,174.45,65.43,97,98,9.51,NZ,1671047933
Guerrero Negro,27.9769,-114.0611,62.06,45,0,8.39,MX,1671047934
Naryan-Mar,67.6713,53.087,14.56,82,6,19.69,RU,1671047934
Sept-Îles,50.2001,-66.3821,39.72,65,100,19.57,CA,1671047934
Havre-St-Pierre,50.2334,-63.5986,39.56,65,100,26.46,CA,1671047935
Kloulklubed,7.0419,134.2556,82.87,80,100,20.85,PW,1671047935
Divnogorsk,55.9594,92.3619,-7.11,97,100,3.4,RU,1671047935
Brownsville,25.9018,-97.4975,77.09,28,37,21.9,US,1671047735
Kiryat Gat,31.61,34.7642,63.39,100,17,4.68,IL,1671047881
Ostrovnoy,68.0531,39.5131,25.99,95,100,11.27,RU,1671047936
Neryungri,56.6709,124.6491,-36.31,100,100,4.54,RU,1671047937
Katobu,-4.9408,122.5276,75.83,90,100,2.95,ID,1671047937
Berdigestyakh,62.0989,126.6992,-41.64,100,100,1.45,RU,1671047937
Xam Nua,20.4197,104.0439,45.81,99,36,1.79,LA,1671047938
Cankuzo Province,-3.1333,30.5833,57.65,94,100,2.68,BI,1671047938
Gondanglegi,-7.7479,112.0132,75.85,92,100,3.8,ID,1671047939
General Roca,-39.0333,-67.5833,90.86,12,9,25.9,AR,1671047939
Nuuk,64.1835,-51.7216,11.75,68,92,8.5,GL,1671047940
Batagay-Alyta,67.8006,130.4114,-33.68,88,59,3.27,RU,1671047940
Villarrica,-25.75,-56.4333,91.44,24,0,2.08,PY,1671047940
Maceió,-9.6658,-35.7353,83.64,74,0,12.66,BR,1671047941
Caconda,-13.7333,15.0667,61.3,89,99,8.43,AO,1671047941
Basco,20.4487,121.9702,77.54,80,100,24.74,PH,1671047689
Kumluca,36.3703,30.2869,60.76,84,100,3.13,TR,1671047942
Alekseyevsk,57.8406,108.3492,-5.33,95,100,8.46,RU,1671047942
Hofn,64.2539,-15.2082,25.39,59,100,14.29,IS,1671047943
Bollnäs,61.3482,16.3946,9.39,91,97,2.33,SE,1671047943
Nicoya,10.1483,-85.452,84.15,60,100,3.38,CR,1671047943
The Valley,18.217,-63.0578,84.06,65,40,11.5,AI,1671047944
Sambava,-14.2667,50.1667,75.78,84,100,9.62,MG,1671047944
Dwārka,22.2394,68.9678,76.33,63,99,11.74,IN,1671047945
Kysyl-Syr,63.8986,122.7617,-51.65,100,93,2.82,RU,1671047945
Riyadh,24.6877,46.7219,64.54,36,15,10.11,SA,1671047946
Abū Zabad,12.35,29.25,70.47,20,56,9.06,SD,1671047946
Kyzyl-Oktyabr,42.769,75.7313,28.65,52,33,6.8,KG,1671047947
Prymors'k,46.7348,36.3443,33.71,62,96,5.88,UA,1671047947
Puyo,-1.4667,-77.9833,69.04,94,100,3.44,EC,1671047947
Price,39.5994,-110.8107,37.11,56,12,9.13,US,1671047948
Ha Giang,22.8333,104.9833,52.43,92,5,1.59,VN,1671047825
Madimba,-10.4,40.3333,79.92,83,20,11.5,TZ,1671047948
Kedrovyy,56.1667,91.8167,-8.99,98,100,4.07,RU,1671047949
Carson City,39.1638,-119.7674,44.1,70,0,4.61,US,1671047949
Luganville,-15.5333,167.1667,80.98,71,36,5.68,VU,1671047949
Roald,62.5833,6.1333,32.32,93,75,11.5,NO,1671047950
Puerto Palomas,31.7667,-107.6167,44.91,35,0,20.02,MX,1671047951
Tambacounda,13.7539,-13.7586,82.96,10,0,7.92,SN,1671047951
Vestmanna,62.1564,-7.1664,32.92,75,75,26.46,FO,1671047951
Juba,4.8517,31.5825,79.16,51,4,0.43,SS,1671047712
Shenjiamen,29.9576,122.298,43.84,57,0,5.3,CN,1671047952
Aklavik,68.2191,-135.0107,5.5,90,100,11.54,CA,1671047952
Hambantota,6.1241,81.1185,75.42,85,100,3.6,LK,1671047952
Pringsewu,-5.3582,104.9744,73.83,85,100,2.46,ID,1671047953
Morant Bay,17.8815,-76.4093,83.82,71,51,10.65,JM,1671047953
Russell,32.3502,-85.1999,56.35,94,75,6.91,US,1671047954
Seymchan,62.8833,152.4333,-45.89,96,100,1.05,RU,1671047954
Bac Lieu,9.285,105.7244,73.13,87,33,7.14,VN,1671047955
Clyde River,70.4692,-68.5914,21.43,79,100,13.8,CA,1671047957
Bambous Virieux,-20.3428,57.7575,75.45,88,75,8.05,MU,1671047959
Iquique,-20.2208,-70.1431,75.24,68,100,8.59,CL,1671047832
Bariloche,-41.1456,-71.3082,64.15,42,40,23.02,AR,1671047960
Sidi Ali,36.0998,0.4206,59.88,87,100,2.89,DZ,1671047960
Molepolole,-24.4066,25.4951,68.14,62,0,5.68,BW,1671047961
Buala,-8.145,159.5921,79.23,81,100,1.77,SB,1671047961
Boende,-0.2167,20.8667,70.34,93,37,2.39,CD,1671047962
Lagunas,-5.2269,-75.6753,90.32,49,100,2.01,PE,1671047962
Tazovsky,67.4667,78.7,1.04,94,99,12.08,RU,1671047964
Eagle Pass,28.7091,-100.4995,72.27,21,0,21.21,US,1671047964
Tabas,33.5959,56.9244,55.06,33,100,1.07,IR,1671047965
Sittwe,20.15,92.9,68.59,70,3,8.28,MM,1671047965
San Miguel,13.4833,-88.1833,89.71,43,19,2.93,SV,1671047966
Shakawe,-18.3667,21.85,74.48,58,44,5.19,BW,1671047966
São João da Barra,-21.6403,-41.0511,77.09,68,46,14.03,BR,1671047966
Dubbo,-32.25,148.6167,46.53,76,0,4.61,AU,1671047967
Crotone,39.0851,17.1178,63.0,84,65,13.44,IT,1671047967
Rodolfo Sánchez Taboada,31.7167,-116.5667,60.1,57,71,4.0,MX,1671047968
Qian’an,44.9932,124.0581,-0.9,53,0,7.87,CN,1671047968
La Ronge,55.1001,-105.2842,12.45,85,100,9.22,CA,1671047969
Coronel Oviedo,-25.4167,-56.45,90.34,25,0,3.53,PY,1671047969
Dabra,25.9,78.3333,59.23,37,31,5.17,IN,1671047969
Xining,36.6167,101.7667,18.9,41,83,2.68,CN,1671047970
Bakchar,57.0186,82.0711,-14.12,98,90,3.71,RU,1671047970
Vanavara,60.34,102.2797,-13.99,89,14,8.21,RU,1671047971
Erenhot,43.6475,111.9767,-0.96,54,0,7.54,CN,1671047971
Port Hardy,50.6996,-127.4199,39.38,87,100,4.61,CA,1671047971
Bonthe,7.5264,-12.505,79.84,79,89,7.11,SL,1671047972
Tigre,-34.426,-58.5796,94.26,33,0,9.22,AR,1671047972
Częstochowa,50.7965,19.1241,26.08,97,100,5.23,PL,1671047972
Boguchany,58.3814,97.4531,-15.86,98,100,2.71,RU,1671047973
Yuncheng,35.0231,110.9928,33.89,32,94,0.49,CN,1671047973
Redmond,47.674,-122.1215,44.53,85,30,1.99,US,1671047790
Kearney,40.6995,-99.0815,28.96,76,100,24.16,US,1671047751
Amga,60.8953,131.9608,-57.3,100,95,1.23,RU,1671047974
Aasiaat,68.7098,-52.8699,15.57,92,100,13.0,GL,1671047974
Nhulunbuy,-12.2333,136.7667,81.21,89,57,2.3,AU,1671047975
Sangar,63.9242,127.4739,-51.63,99,51,2.64,RU,1671047975
Alofi,-19.0595,-169.9187,80.49,74,85,9.22,NU,1671047975
Bulungu,-4.55,18.6,67.3,94,13,2.04,CD,1671047976
Svobodnyy,51.4,128.1333,-18.44,84,18,10.76,RU,1671047976
Yumbe,3.4651,31.2469,68.27,75,44,4.41,UG,1671047977
Sobolevo,54.4299,31.8996,10.09,96,62,7.85,RU,1671047977
Sungai Padi,6.0851,101.8766,78.51,95,88,1.59,TH,1671047977
Pisco,-13.7,-76.2167,78.85,61,0,14.97,PE,1671047950
Ust'-Kut,56.7938,105.7672,-4.94,93,100,9.24,RU,1671047978
Delta,5.5,6.0,80.31,74,95,5.5,NG,1671047978
Ulvik,60.5672,6.9187,17.89,88,100,3.69,NO,1671047979
Rawson,-43.3002,-65.1023,65.43,50,92,19.48,AR,1671047979
Loukhi,66.0764,33.0381,6.8,98,100,2.55,RU,1671047980
Bonavista,48.6499,-53.1147,37.35,96,100,30.09,CA,1671047980
San Borja,-14.8167,-66.85,91.81,49,100,4.18,BO,1671047980
Ivdel',60.6911,60.4206,-1.88,95,18,3.4,RU,1671047981
Harlingen,26.1906,-97.6961,77.09,25,1,20.58,US,1671047742
Ribeira Brava,32.65,-17.0667,67.01,70,16,20.24,PT,1671047981
Isiolo,0.3546,37.5822,66.16,72,22,4.97,KE,1671047982
San Rafael,-34.6177,-68.3301,97.52,12,23,10.04,AR,1671047982
St. George's,12.0564,-61.7485,85.68,66,75,18.41,GD,1671047982
Wanning,18.8003,110.3967,62.8,78,100,10.8,CN,1671047983
Namatanai,-3.6667,152.4333,79.14,82,91,3.69,PG,1671047983
Monrovia,6.3005,-10.7969,80.37,81,42,6.89,LR,1671047724
Kondinskoye,59.6481,67.41,4.26,92,24,9.73,RU,1671047984
Paraná,-31.732,-60.5238,94.51,35,0,7.87,AR,1671047984
Songadh,21.1667,73.5667,73.22,82,97,6.31,IN,1671047985
Ishigaki,24.3448,124.1572,66.33,88,100,18.41,JP,1671047985
Prainha,-1.8,-53.48,93.85,33,66,5.28,BR,1671047985
Gamba,-2.65,10.0,76.08,85,100,4.07,GA,1671047986
Lodja,-3.4833,23.4333,66.45,99,100,1.59,CD,1671047987
Mtwara,-10.2667,40.1833,79.93,83,20,11.5,TZ,1671047987
Wuwei,37.9281,102.6414,21.83,37,3,3.13,CN,1671047987
Thanh Hoa,19.8,105.7667,56.25,66,5,3.36,VN,1671047988
Abu Kamal,34.4506,40.9171,59.54,57,100,5.59,SY,1671047988
Opuwo,-18.0607,13.84,73.22,36,96,8.05,NA,1671047989
Ürümqi,43.801,87.6005,7.75,85,100,2.24,CN,1671047989
Tessalit,20.1986,1.0114,75.0,13,0,7.72,ML,1671047989
Mayo,38.8876,-76.5119,42.78,47,0,5.75,US,1671047990
Gáldar,28.147,-15.6502,70.3,76,51,17.43,ES,1671047990
Talaya,61.3833,152.75,-27.13,91,100,6.35,RU,1671047991
Yulara,-25.2406,130.9889,70.32,33,100,10.76,AU,1671047991
Itaituba,-4.2761,-55.9836,93.36,52,40,9.22,BR,1671047991
Washington,47.5001,-120.5015,39.18,82,8,2.21,US,1671047992
Chitral,35.8462,71.7858,37.47,33,0,8.28,PK,1671047992
Belaya Gora,68.5333,146.4167,-29.9,94,96,5.59,RU,1671047992
Ust'-Ishim,57.6935,71.1665,-7.69,93,15,5.41,RU,1671047993
Wewak,-3.5534,143.6268,77.52,88,100,6.82,PG,1671047993
North Shore,-36.8,174.75,66.47,65,99,8.01,NZ,1671047994
Campbell River,50.0163,-125.2446,38.73,87,75,4.61,CA,1671047994
Cullman,34.1748,-86.8436,55.81,94,100,8.05,US,1671047995
Yambio,4.5721,28.3955,74.1,63,91,3.94,SS,1671047995
Acaraú,-2.8856,-40.12,82.47,66,51,16.33,BR,1671047738
Mandalgovi,45.7625,106.2708,-7.51,87,31,9.46,MN,1671047995
Moroni,-11.7022,43.2551,79.07,79,99,3.8,KM,1671047996
Örnsköldsvik,63.2909,18.7153,-3.05,84,0,6.91,SE,1671047996
Bandar,2.05,99.75,70.95,96,100,2.04,ID,1671047997
Lavrentiya,65.5833,-171.0,26.31,81,100,29.77,RU,1671047997
Cervo,43.6702,-7.4101,58.96,75,100,6.38,ES,1671047998
Tokmak,47.2514,35.7058,30.63,69,98,5.3,UA,1671047998
Morehead,37.2711,-87.1764,55.78,99,100,3.0,US,1671047999
Roblin,51.23,-101.3565,22.51,93,100,11.95,CA,1671047999
Naze,28.3667,129.4833,54.52,68,100,10.54,JP,1671047999
Saint Anthony,45.0205,-93.218,36.91,92,100,7.0,US,1671048000
Port Victoria,0.0939,33.9756,71.26,71,37,0.85,KE,1671048000
Nantucket,41.2835,-70.0995,39.09,68,3,26.6,US,1671047921
Stornoway,58.2093,-6.3865,36.03,81,20,12.66,GB,1671048001
Voh,-20.9667,164.7,77.23,74,1,2.53,NC,1671048002
Aktash,50.3,87.7333,-22.41,89,65,4.18,RU,1671048002
